[{      
        "tag":"",
        "title": "뱃지.치킨",
        "subtitle":"5,500원",
        "price":"",
        "url": "images/itemlist1.png",
        "hoverurl": "images/itemlisthover1.png"
    },
    {
        "tag":"BEST",
        "title": "볼펜세트.어머펜이에요",
        "subtitle":"3,500원",
        "price":"",
        "url": "images/itemlist2.png",
        "hoverurl": "images/itemlisthover2.png"
    },
    {
        "tag":"BEST",
        "title": "볼펜세트.어머펜이에요",
        "subtitle":"2,000원",
        "price":"",
        "url": "images/itemlist3.png",
        "hoverurl": "images/itemlisthover3.png"
    },
    {
        "tag":"",
        "title": "카드케이스. 덮어놓고 긁다보면 거지꼴을 못면한다",
        "subtitle":"8,000원",
        "price":"",
        "url": "images/itemlist4.png",
        "hoverurl": "images/itemlisthover4.png"
    },
    {
        "tag":"",
        "title": "레터링시트지.쉽고,명확하고,위트있게",
        "subtitle":"4,000원",
        "price":"",
        "url": "images/itemlist5.png",
        "hoverurl": "images/itemlisthover5.png"
    },
    {
        "tag":"",
        "title": "떡볶이 테이스팅노트.먹고쓰자",
        "subtitle":"3,500원",
        "price":"",
        "url": "images/itemlist6.png",
        "hoverurl": "images/itemlisthover6.png"
    },
    {
        "tag":"",
        "title": "을지로 마스킹테이프. 십메다줄자",
        "subtitle":"4,500원",
        "price":"",
        "url": "images/itemlist7.png",
        "hoverurl": "images/itemlisthover7.png"
    },
    {
        "tag":"GREEN",
        "title": "업사이클링 스탠드그립 세트.맥주",
        "subtitle":"18,900원",
        "price":"",
        "url": "images/itemlist8.png",
        "hoverurl": "images/itemlisthover8.png"
    }
]