[
	{
		"title":"되면좋게따",
		"subtitle":"왜안될까?",
		"url":"images/swipertop1.png",
		"hoverurl":"images/swipertophover.png"
	},
	{
		"title":"되면좋게따",
		"subtitle":"왜안될까?",
		"url":"images/swipertop1.png",
		"hoverurl":"images/swipertophover.png"
	},
	{
		"title":"되면좋게따",
		"subtitle":"왜안될까?",
		"url":"images/swipertop1.png",
		"hoverurl":"images/swipertophover.png"
	},
	{
		"title":"되면좋게따",
		"subtitle":"왜안될까?",
		"url":"images/swipertop1.png",
		"hoverurl":"images/swipertophover.png"
	},
	{
		"title":"되면좋게따",
		"subtitle":"왜안될까?",
		"url":"images/swipertop1.png",
		"hoverurl":"images/swipertophover.png"
	},
	{
		"title":"되면좋게따",
		"subtitle":"왜안될까?",
		"url":"images/swipertop1.png",
		"hoverurl":"images/swipertophover.png"
	}
]